{
    "Q1.1FLFDIAG": {
        "k1": 6.4694
    },
    "Q2.1FLFDIAG": {
        "k1": -9.7687
    },
    "Q2.3FLFDIAG": {
        "k1": 10.9022
    },
    "Q1FLFUND1": {
        "k1": -0.49524115585757955
    },
    "Q1FLFUND2": {
        "k1": 0.014180293418716402
    },
    "Q1FLFUND3": {
        "k1": -0.1573376035787225
    },
    "Q1FLFXTDS": {
        "k1": -0.626268085758195
    },
    "Q5FLFXTDS": {
        "k1": -0.6044268014641562
    },
    "Q8FLFXTDS": {
        "k1": 1.234532655077855
    }
}