{
    "Q5FLFEXTR": {
        "k1": 2.5517
    },
    "S6FLFEXTR": {
        "k2": 16.2325
    },
    "Q6FLFEXTR": {
        "k1": -1.9252
    },
    "Q5FLFCOMP": {
        "k1": -0.6406
    },
    "S5FLFCOMP": {
        "k2": 7.5013
    },
    "Q6FLFCOMP": {
        "k1": 0.9609
    },
    "Q11FLFCOMP": {
        "k1": -0.8577
    },
    "Q17FLFCOMP": {
        "k1": 1.5439
    },
    "Q18FLFCOMP": {
        "k1": -1.2045
    },
    "Q21FLFCOMP": {
        "k1": -0.7889
    },
    "Q23FLFCOMP": {
        "k1": 1.9621
    },
    "S23FLFCOMP": {
        "k2": -22.3027
    },
    "Q1FLFMAFF": {
        "k1": 0.6085
    },
    "Q2FLFMAFF": {
        "k1": 0.4393
    },
    "Q3FLFMAFF": {
        "k1": -2.0353
    },
    "Q4FLFMAFF": {
        "k1": -0.1201
    },
    "Q6FLFMAFF": {
        "k1": 1.6295
    },
    "Q11FLFMAFF": {
        "k1": -0.728
    },
    "Q12FLFMAFF": {
        "k1": -0.6474
    },
    "Q13FLFMAFF": {
        "k1": 0.8715
    },
    "Q14FLFMAFF": {
        "k1": -0.1667
    },
    "Q1.1FLFDIAG": {
        "k1": 2.2678
    },
    "Q2.2FLFDIAG": {
        "k1": -2.987199999999999
    },
    "Q2.3FLFDIAG": {
        "k1": -0.1715
    },
    "Q1FLFUND1": {
        "k1": 0.7144
    },
    "Q1FLFUND2": {
        "k1": -1.1432
    },
    "Q1FLFUND3": {
        "k1": 1.0647
    },
    "Q1FLFXTDS": {
        "k1": -0.5259
    },
    "Q5FLFXTDS": {
        "k1": -0.5228
    },
    "Q8FLFXTDS": {
        "k1": 0.8796746911390771
    },
    "Q4FLFDUMP": {
        "k1": -0.5222
    }
}