{
    "Q5FLFEXTR": {
        "k1": 2.552783662919362
    },
    "Q6FLFEXTR": {
        "k1": -1.927069594216599
    },
    "Q5FLFCOMP": {
        "k1": -0.6398912437859767
    },
    "Q6FLFCOMP": {
        "k1": 0.9610258253885833
    },
    "Q11FLFCOMP": {
        "k1": -0.8609071843501394
    },
    "Q17FLFCOMP": {
        "k1": 1.5462416557816645
    },
    "Q18FLFCOMP": {
        "k1": -1.216287448686619
    },
    "Q21FLFCOMP": {
        "k1": -0.7929020220625924
    },
    "Q23FLFCOMP": {
        "k1": 1.9627522437785692
    },
    "S6FLFEXTR": {
        "k2": 16.2325
    },
    "S5FLFCOMP": {
        "k2": 7.501
    },
    "S23FLFCOMP": {
        "k2": -22.3039
    },
    "Q1FLFMAFF": {
        "k1": 0.760642403515734
    },
    "Q2FLFMAFF": {
        "k1": 0.22441628291391286
    },
    "Q3FLFMAFF": {
        "k1": -2.038766628388349
    },
    "Q4FLFMAFF": {
        "k1": -6.262020865290136e-05
    },
    "Q6FLFMAFF": {
        "k1": 1.5784336987842438
    },
    "Q11FLFMAFF": {
        "k1": -0.5723896938397108
    },
    "Q12FLFMAFF": {
        "k1": -0.7389230000552665
    },
    "Q13FLFMAFF": {
        "k1": 0.8109242753768136
    },
    "Q14FLFMAFF": {
        "k1": -0.1283785584945577
    }
}