{
    "Q5FLFEXTR": {
        "k1": 2.5517
    },
    "S6FLFEXTR": {
        "k2": 16.2325
    },
    "Q6FLFEXTR": {
        "k1": -1.9252
    },
    "Q5FLFCOMP": {
        "k1": -0.6406
    },
    "S5FLFCOMP": {
        "k2": 7.501
    },
    "Q6FLFCOMP": {
        "k1": 0.9609
    },
    "Q11FLFCOMP": {
        "k1": -0.8577
    },
    "Q17FLFCOMP": {
        "k1": 1.5439
    },
    "Q18FLFCOMP": {
        "k1": -1.2045
    },
    "Q21FLFCOMP": {
        "k1": -0.7889
    },
    "Q23FLFCOMP": {
        "k1": 1.9621
    },
    "S23FLFCOMP": {
        "k2": -22.3039
    },
    "Q1FLFMAFF": {
        "k1": 0.5831923465331372
    },
    "Q2FLFMAFF": {
        "k1": 0.205313349508926
    },
    "Q3FLFMAFF": {
        "k1": -1.7654590799806371
    },
    "Q4FLFMAFF": {
        "k1": -7.030866430431335e-05
    },
    "Q6FLFMAFF": {
        "k1": 1.5435094310845776
    },
    "Q11FLFMAFF": {
        "k1": -0.9024182514490884
    },
    "Q12FLFMAFF": {
        "k1": -0.5305844233132178
    },
    "Q13FLFMAFF": {
        "k1": 1.117009406256122
    },
    "Q14FLFMAFF": {
        "k1": -0.16222016600951591
    },
    "Q1.1FLFDIAG": {
        "k1": 1.2541
    },
    "Q2.1FLFDIAG": {
        "k1": -0.9734
    },
    "Q2.3FLFDIAG": {
        "k1": -1.3543
    },
    "Q1FLFUND1": {
        "k1": 0.7033
    },
    "Q1FLFUND2": {
        "k1": -1.0845
    },
    "Q1FLFUND3": {
        "k1": 0.9242
    },
    "Q1FLFXTDS": {
        "k1": -0.5656
    },
    "Q5FLFXTDS": {
        "k1": -0.5507
    },
    "Q8FLFXTDS": {
        "k1": 0.9038
    },
    "Q4FLFDUMP": {
        "k1": -0.3851
    }
}