{
    "Q1FLFMAFF": {
        "k1": -4.799904812167953
    },
    "Q2FLFMAFF": {
        "k1": 5.377195812939122
    },
    "Q3FLFMAFF": {
        "k1": -2.6526372436610512
    },
    "Q4FLFMAFF": {
        "k1": -3.9490684266909537
    },
    "Q6FLFMAFF": {
        "k1": 4.631513057392022
    },
    "Q11FLFMAFF": {
        "k1": 0.41783201934434616
    },
    "Q12FLFMAFF": {
        "k1": 2.4178516548139775
    },
    "Q13FLFMAFF": {
        "k1": -7.178172137900055
    },
    "Q14FLFMAFF": {
        "k1": 9.85532938543014
    }
}