{
    "Q1.1FLFDIAG": {
        "k1": [
            0.4717274042922557,
            0.8594082190735333,
            1.0182353823444315,
            1.0340284464362077,
            1.0998246022854767,
            1.1163770537800992,
            1.1320429466271715,
            1.1816373318742683,
            1.2088019820219205,
            1.1975080440283912,
            1.2320016088280477
        ]
    },
    "Q2.1FLFDIAG": {
        "k1": [
            -0.5805953761841285,
            -0.5671325230810809,
            -0.5343473510250651,
            -0.4972059871601113,
            -0.4866579842500115,
            -0.47782258038699615,
            -0.4819838672328449,
            -0.5345658166806815,
            -0.5270897501064603,
            -0.49759486090919214,
            -0.42953804923273364
        ]
    },
    "Q2.3FLFDIAG": {
        "k1": [
            -1.5066283990504006,
            -1.563810107545962,
            -1.654831748184376,
            -1.5075432363321344,
            -1.5796358239052553,
            -1.6095716654975631,
            -1.6257454984929687,
            -1.6779735031877276,
            -1.7273934129833304,
            -1.715605625470546,
            -1.899881263906606
        ]
    },
    "Q1FLFUND1": {
        "k1": [
            0.46931044343361505,
            0.4450225800537415,
            0.5117544865314909,
            0.567354170814963,
            0.6267021949973406,
            0.6767613310239707,
            0.716961746628241,
            0.7548031341668905,
            0.7890148875941181,
            0.8342352625606477,
            1.3414377467874052
        ]
    },
    "Q1FLFUND2": {
        "k1": [
            -1.1095810304595741,
            -1.0965878765835932,
            -1.0763915015599936,
            -1.0457365036816433,
            -1.042100324406161,
            -1.0413282984635266,
            -1.0412467927779363,
            -1.0495757098486105,
            -1.0486648053440266,
            -1.0425156691081694,
            -1.048751855008612
        ]
    },
    "Q1FLFUND3": {
        "k1": [
            0.7031129266118469,
            0.7024028101690625,
            0.6778756614955777,
            0.6565620507994255,
            0.643154478584761,
            0.6412531680790308,
            0.6563716203269607,
            0.6869816332628196,
            0.7320082232641936,
            0.7874177779015701,
            0.8446471289499204
        ]
    },
    "Q1FLFXTDS": {
        "k1": [
            -0.49838055448558205,
            -0.5085054834972638,
            -0.5165638543542297,
            -0.5338076900400044,
            -0.5413696580208024,
            -0.547211412861276,
            -0.5516766942833142,
            -0.5502976552591696,
            -0.5541552922674122,
            -0.5632113218078127,
            -0.6120897965082466
        ]
    },
    "Q5FLFXTDS": {
        "k1": [
            -0.740015840215984,
            -0.740015840215984,
            -0.740015840215984,
            -0.740015840215984,
            -0.740015840215984,
            -0.740015840215984,
            -0.740015840215984,
            -0.740015840215984,
            -0.740015840215984,
            -0.740015840215984,
            -0.740015840215984
        ]
    },
    "Q8FLFXTDS": {
        "k1": [
            0.9325410804295609,
            0.9325410804295609,
            0.9325410804295609,
            0.9325410804295609,
            0.9325410804295609,
            0.9325410804295609,
            0.9325410804295609,
            0.9325410804295609,
            0.9325410804295609,
            0.9325410804295609,
            0.9325410804295609
        ]
    }
}