{
    "Q1.1FLFDIAG": {
        "k1": [
            0.6217515944568293,
            0.6608759368854482,
            0.7379626434598332,
            0.5735003341039293,
            0.5127439984061131,
            0.17986724094129408,
            0.8540206000485111,
            1.719903072570919,
            1.8651684799367612,
            2.040328282566123,
            2.2018341171481453
        ]
    },
    "Q2.1FLFDIAG": {
        "k1": [
            -0.8232043038743525,
            -0.8048711247928166,
            -0.8610190629191629,
            -1.0933364082227712,
            -1.1057392165994417,
            -0.37478376939711916,
            -1.3144000186466758,
            -1.1118467488993753,
            -0.980004964644031,
            -0.8431857048668716,
            -0.8170301833550345
        ]
    },
    "Q2.3FLFDIAG": {
        "k1": [
            0.6490207935826883,
            0.8067587175256896,
            1.0010633474203017,
            1.6889085958865389,
            1.6140642429514385,
            0.5665951749174405,
            1.0031135384331988,
            -1.2708509558500647,
            -1.5400026336787431,
            -1.9997009815680484,
            -2.2611680861351466
        ]
    },
    "Q1FLFUND1": {
        "k1": [
            0.4220621094723148,
            0.4347620187404099,
            0.48613473935988705,
            0.6238834076940338,
            0.773989998522687,
            0.9321936477776123,
            1.142660209649799,
            1.3396996446304463,
            1.5009866852259732,
            1.534287800900478,
            1.57851521561293
        ]
    },
    "Q1FLFUND2": {
        "k1": [
            -0.9485246628840049,
            -0.9358463752018673,
            -0.9228593672693177,
            -0.9555157220210744,
            -0.9797683442528582,
            -0.9971609597580278,
            -1.016912209752809,
            -1.0567356406167905,
            -1.0384648466595046,
            -1.0382742973626664,
            -1.0353736516179586
        ]
    },
    "Q1FLFUND3": {
        "k1": [
            1.0276881298500733,
            1.0376041355816188,
            1.036261172449494,
            1.0758331806222636,
            1.0904451728510844,
            1.0654770338377793,
            1.007148688954941,
            1.0034158491339769,
            1.0014587461319544,
            1.0178139129505723,
            1.0170049309877864
        ]
    },
    "Q1FLFXTDS": {
        "k1": [
            -0.6222574275693891,
            -0.6451208790481449,
            -0.6869681675448265,
            -0.675825819993608,
            -0.6709528111896279,
            -0.6730780537742354,
            -0.673212182121192,
            -0.6282438081102898,
            -0.6728796817608904,
            -0.6750167740005147,
            -0.6832110763599064
        ]
    }
}