{
    "Q1FLFMAFF": {
        "k1": 0.587
    },
    "Q2FLFMAFF": {
        "k1": 0.2599
    },
    "Q3FLFMAFF": {
        "k1": -1.9838
    },
    "Q4FLFMAFF": {
        "k1": -7.355954694124985e-05
    },
    "Q6FLFMAFF": {
        "k1": 1.4749
    },
    "Q11FLFMAFF": {
        "k1": -0.7738
    },
    "Q12FLFMAFF": {
        "k1": -0.5659
    },
    "Q13FLFMAFF": {
        "k1": 0.8463
    },
    "Q14FLFMAFF": {
        "k1": -0.1666
    },
    "Q1.1FLFDIAG": {
        "k1": 1.4798
    },
    "Q2.1FLFDIAG": {
        "k1": -1.3864
    },
    "Q2.3FLFDIAG": {
        "k1": -0.7701
    },
    "Q1FLFUND1": {
        "k1": 0.5628
    },
    "Q1FLFUND2": {
        "k1": -1.1978
    },
    "Q1FLFUND3": {
        "k1": 0.5608
    },
    "Q1FLFXTDS": {
        "k1": -0.5051
    },
    "Q5FLFXTDS": {
        "k1": -0.6681
    },
    "Q8FLFXTDS": {
        "k1": 1.0451000000000004
    },
    "Q4FLFDUMP": {
        "k1": -0.3851
    }
}