{
    "Q22FL2EXTR": {
        "k1": [
            -3.5985387869271914,
            -3.5367178990640786,
            -3.43145871627694,
            -3.5501018232246846,
            -3.7067718393952003,
            -3.6121835631818335,
            -3.595483032909368,
            -4.46017605850513,
            -4.5577521235629685
        ]
    },
    "Q23FL2EXTR": {
        "k1": [
            1.776358925153136,
            2.5911897348889212,
            2.55050637884362,
            2.5634497181215776,
            2.5888381447466173,
            2.6125855357609655,
            2.5292356964679366,
            2.8303797755842908,
            2.936505579084324
        ]
    },
    "Q24FL2EXTR": {
        "k1": [
            1.0908171302250458,
            0.36710301887470176,
            0.42952616926507536,
            0.4618324132551559,
            0.4820441979133614,
            0.45953704764082737,
            0.5641860082206795,
            0.3363371553874519,
            0.32023934027472256
        ]
    },
    "Q1FL2BC": {
        "k1": [
            -1.245140352392295,
            -1.2732538670861309,
            -1.3359037732393948,
            -1.3458135604685273,
            -1.3362824674386706,
            -1.338006900554542,
            -1.3157898367730045,
            -0.8481976821400092,
            -0.8759125234112795
        ]
    },
    "Q7FL2BC": {
        "k1": [
            2.265529715869034,
            1.7313242845300016,
            1.4360958225594427,
            1.3679444683732997,
            1.196512811360014,
            -0.943534928481415,
            -1.9290968067971672,
            -3.162576951992925,
            -3.3709122060557695
        ]
    },
    "Q3FL2SEED3": {
        "k1": [
            1.96809751817778,
            3.5384199517570263,
            4.883243764032789,
            5.467439071864593,
            5.961822669144652,
            5.613897931314419,
            5.402644139955547,
            5.730183583020917,
            5.301065611974881
        ]
    },
    "Q3FL2SEED4": {
        "k1": [
            1.5377330121275063,
            0.8155557306355976,
            0.6058325428456874,
            0.6279866249839436,
            0.6450209231338513,
            0.24492199106827717,
            0.26830993891982235,
            0.1628367143673194,
            -2.2385281043681466
        ]
    },
    "Q3FL2SEED5": {
        "k1": [
            -1.6360115666660962,
            -1.7297090578757133,
            -2.2964899630150866,
            -2.446764305463983,
            -2.5556083411982042,
            -2.584429340608766,
            -2.345937308184711,
            -1.6635513832805957,
            -1.6766731630665364
        ]
    },
    "Q3FL2SEED6": {
        "k1": [
            2.4669651464221642,
            -1.9131382705243594,
            -1.1069598021921614,
            -0.8860110931858092,
            -0.7443975784443682,
            0.1528584796239344,
            -0.01596207895185087,
            -0.03201047807623017,
            -0.3245159493753489
        ]
    }
}