{
    "Q1FLFMAFF": {
        "k1": [
            -0.6062218468769451,
            1.0116946934327506,
            1.34750674867162,
            -0.4993626386458365,
            -2.067110033280551,
            -2.334664551400322,
            -2.527451692199511,
            -2.738461820354326,
            -3.2153657729763863,
            -3.6641543475585254,
            -4.182614458053436
        ]
    },
    "Q2FLFMAFF": {
        "k1": [
            -0.7231433560485696,
            -1.6536329050924925,
            -0.43370583348419167,
            2.1801505461623454,
            3.285855086386814,
            3.485067101954047,
            3.659196887624243,
            3.743108204127762,
            4.0589858246222885,
            5.4369973178202216,
            5.967909399566269
        ]
    },
    "Q3FLFMAFF": {
        "k1": [
            -0.00022784937668977672,
            0.0017302715994990878,
            0.0016904532112935336,
            0.010166603148849346,
            -0.1932599900946208,
            -0.18840156225491753,
            -0.16423399200385652,
            0.12521077209080247,
            0.04716342433372947,
            0.023241091306677553,
            0.02195204516317277
        ]
    },
    "Q4FLFMAFF": {
        "k1": [
            -1.1946054437005578,
            -1.895415777784692,
            -2.9871501318748317,
            -3.376388849876505,
            -3.951528200632545,
            -4.18822353148449,
            -4.733972346191436,
            -5.085269844615997,
            -4.62710024977195,
            -4.593597795089985,
            -4.417190266861587
        ]
    },
    "Q6FLFMAFF": {
        "k1": [
            2.146967086674054,
            2.337901809124163,
            2.0231428653671077,
            1.1956914035059887,
            0.5560538242630202,
            0.4696396132972056,
            0.39912034990051515,
            1.2181789313392226,
            2.1149332122140443,
            3.555928737460163,
            3.6110897719757666
        ]
    }
}