{
    "Q1.1FLFDIAG": {
        "k1": [
            1.4798189855747994,
            1.6580403939747441,
            1.8171046994831146,
            2.0041130695349323,
            1.926247620387028,
            2.066655876962013,
            2.1641657704901505,
            2.2697643696234007,
            2.354201650858993,
            2.455597936922184,
            2.5934815601731662
        ]
    },
    "Q2.1FLFDIAG": {
        "k1": [
            -1.3864295315264896,
            -1.4439568951173962,
            -1.5298983630413943,
            -1.640495168819422,
            -1.5996747243972365,
            -1.546608912931307,
            -1.5213401821906039,
            -1.5408165701072298,
            -1.554201735901157,
            -1.5520670006946293,
            -1.2694680151698539
        ]
    },
    "Q2.3FLFDIAG": {
        "k1": [
            -0.7700756040629582,
            -0.8033219296117067,
            -0.7718716831253475,
            -0.9776513760557779,
            -1.1333215093070308,
            -1.0633687974341983,
            -1.1343563265554872,
            -1.1574563029751679,
            -1.1025619311165458,
            -1.1698827757084742,
            -1.8660753032148611
        ]
    },
    "Q1FLFUND1": {
        "k1": [
            0.5628338772942534,
            0.5822878087773745,
            0.6346268491112405,
            0.7403710263839692,
            0.8673125636256855,
            0.9558173784016835,
            1.0785341221205735,
            1.1921225050774487,
            1.2916379110783975,
            1.3402595552987324,
            1.331398508989633
        ]
    },
    "Q1FLFUND2": {
        "k1": [
            -1.1977935904338493,
            -1.150478940992316,
            -1.1095214327279144,
            -1.1568374494503915,
            -1.205345485166024,
            -1.08405392967821,
            -1.0559775128914137,
            -1.0400881593411377,
            -1.0203184342832219,
            -1.0131545738738772,
            -1.0160181457453854
        ]
    },
    "Q1FLFUND3": {
        "k1": [
            0.5608167272773066,
            0.5804451206520113,
            0.5992232673241324,
            0.6145576413539642,
            0.6563973985917984,
            0.6612142643541385,
            0.679640309429965,
            0.699262966280416,
            0.7242202840070446,
            0.7412632062266826,
            0.7585298055462835
        ]
    },
    "Q1FLFXTDS": {
        "k1": [
            -0.5051487681438659,
            -0.5131617282557381,
            -0.5262261785014268,
            -0.5200548244686154,
            -0.5201040942812409,
            -0.5593777815496397,
            -0.5871497287875919,
            -0.6129982887365817,
            -0.6517776431476311,
            -0.6711910674616136,
            -0.6589472185919198
        ]
    }
}